INSERT INTO users 
(id, username, password_hash, role_id) VALUES
(1, 'admin1', '$2a$12$tegdogOqZzKUUU9uApZic.iT.F/JpARQEolaVoJyUJ0Ks2IJKw6Oi', 1),
(2, 'admin2', '$2a$12$TwAjUAWL7NQDM2WS3LZQe.YSub4JemmaY2ZuzTCj9RTVuAQvY0E8.', 1)
;

insert into series
(id, name, description, color, icon, min_value, max_value, created_by, created_at) VALUES
(1, 'Living Room', 'Living Room temperature monitored daily', '#EF4444', '📈', -10.00, 40.00, 1, TIMESTAMP '2025-11-16 20:00:00.000'),
(2, 'Kitchen', 'Kitchen temperature monitored daily', '#10B981', '🌡️', 0.00, 25.00, 2, TIMESTAMP '2025-11-16 20:00:00.000')
;

INSERT INTO measurements
(id, series_id, value, timestamp, created_by, created_at) VALUES
(1, 1, -5.50, TIMESTAMP '2025-11-01 20:00:00.000', 1, TIMESTAMP '2025-11-16 20:00:00.000'),
(2, 1, 15.00, TIMESTAMP '2025-11-02 20:00:00.000', 1, TIMESTAMP '2025-11-16 20:00:00.000'),
(3, 1, 10.00, TIMESTAMP '2025-11-03 20:00:00.000', 1, TIMESTAMP '2025-11-16 20:00:00.000'),
(4, 1, -2.00, TIMESTAMP '2025-11-04 20:00:00.000', 1, TIMESTAMP '2025-11-16 20:00:00.000'),
(5, 1, 20.50, TIMESTAMP '2025-11-05 20:00:00.000', 1, TIMESTAMP '2025-11-16 20:00:00.000'),
(6, 1, 18.00, TIMESTAMP '2025-11-06 20:00:00.000', 1, TIMESTAMP '2025-11-16 20:00:00.000'),
(7, 1, 30.00, TIMESTAMP '2025-11-07 20:00:00.000', 1, TIMESTAMP '2025-11-16 20:00:00.000'),
(8, 1, 19.50, TIMESTAMP '2025-11-08 20:00:00.000', 1, TIMESTAMP '2025-11-16 20:00:00.000'),
(9, 1, 4.50, TIMESTAMP '2025-11-09 20:00:00.000', 1, TIMESTAMP '2025-11-16 20:00:00.000'),
(10, 1, 0.00, TIMESTAMP '2025-11-10 20:00:00.000', 1, TIMESTAMP '2025-11-16 20:00:00.000'),

(11, 2, 0.00, TIMESTAMP '2025-11-01 18:30:00.000', 2, TIMESTAMP '2025-11-16 20:00:00.000'),
(12, 2, 10.00, TIMESTAMP '2025-11-02 18:30:00.000', 2, TIMESTAMP '2025-11-16 20:00:00.000'),
(13, 2, 12.50, TIMESTAMP '2025-11-03 18:30:00.000', 2, TIMESTAMP '2025-11-16 20:00:00.000'),
(14, 2, 4.00, TIMESTAMP '2025-11-04 18:30:00.000', 2, TIMESTAMP '2025-11-16 20:00:00.000'),
(15, 2, 25.00, TIMESTAMP '2025-11-05 18:30:00.000', 2, TIMESTAMP '2025-11-16 20:00:00.000'),
(16, 2, 21.00, TIMESTAMP '2025-11-06 18:30:00.000', 2, TIMESTAMP '2025-11-16 20:00:00.000'),
(17, 2, 8.00, TIMESTAMP '2025-11-07 18:30:00.000', 2, TIMESTAMP '2025-11-16 20:00:00.000'),
(18, 2, 12.00, TIMESTAMP '2025-11-08 18:30:00.000', 2, TIMESTAMP '2025-11-16 20:00:00.000'),
(19, 2, 17.00, TIMESTAMP '2025-11-09 18:30:00.000', 2, TIMESTAMP '2025-11-16 20:00:00.000'),
(20, 2, 20.00, TIMESTAMP '2025-11-10 18:30:00.000', 2, TIMESTAMP '2025-11-16 20:00:00.000')
;
